app_name,source,author,title,text,subreddit,permalink,date,sentiment_score,sentiment_label,categories,primary_category
General / Общее,post,bookworm615,Best actually free app for couples?,"Best actually free app for couples? My bf and I are trying to work on our communication and we've seen a bunch of apps for couples but it feels like all of them pretend to be free and then make you pay to actually do anything. Any actual free ones out there? When we first started dating, we always had things to talk about and conversation seemed super easy like didn't take any effort. We've been together for a little over a year. Now it feels kind of like work sometimes to think of things to talk about and to have simpler conversations, especially when there aren't a lot of outside things going on or we're just hanging out at home. I kind of wish this problem all happened fast and because of one major incident but it feels like we've slowly drifted over the past few months to feeling like roommates that don't talk much. I think if we were able to communicate about how we're feeling a little better, that would help. I've read that sometimes these apps can guide you through talking about things and that's really what I'm looking for but I just hate when I see one that says free and then right after you download it and are excited, you have to pay to do anything. Has anyone had any success using these? We don't really want to do therapy and I haven't even brought any of this up to him yet. submitted by /u/bookworm615 to r/dating [link] [comments]",dating,https://www.reddit.com/r/dating/comments/1pwcopj/best_actually_free_app_for_couples/,2025-12-26T19:28:22+00:00,0.995,positive,👫 Влияние на отношения | 💬 Общение / Коммуникация | 🐛 Баги / Технические проблемы,👫 Влияние на отношения
General / Общее,comment,bookworm615,/u/bookworm615 on Best actually free app for couples?,"I'm realizing I'm kind of a boring person. I just like to read and sometimes we watch shows together. I feel like we relate to each other okay, but anytime something bugs either of us, we don't really bring it up and talk about it. It's hard to put into words I guess, but I feel like we're just not growing, at least the way I understand how it should be happening in a relationship instead of just feeling flat.",dating,https://www.reddit.com/r/dating/comments/1pwcopj/best_actually_free_app_for_couples/,2025-12-26T20:14:56+00:00,0.602,positive,👫 Влияние на отношения | 💬 Общение / Коммуникация | 🐛 Баги / Технические проблемы,👫 Влияние на отношения
General / Общее,comment,fromtheashesarise,/u/fromtheashesarise on Best actually free app for couples?,"The Gottmans have a free app, can't remember what it is called, Love deck, maybe? But to is just different decks of questions you can ask to dive deeper. My now ex refused to do things like that with me, hence the ex. I need emotional connection",dating,https://www.reddit.com/r/dating/comments/1pwcopj/best_actually_free_app_for_couples/,2025-12-26T23:16:31+00:00,0.727,positive,💬 Общение / Коммуникация | 🎯 Активности / Игры / Квизы | 💰 Цена / Подписка,💬 Общение / Коммуникация
General / Общее,comment,ahmetsahan,/u/ahmetsahan on Best actually free app for couples?,Hi guys we made it an app for couples me and my girlfriend design this app I hope you will like this it is called Petiverse,dating,https://www.reddit.com/r/dating/comments/1pwcopj/best_actually_free_app_for_couples/,2026-01-28T10:32:32+00:00,0.66,positive,👫 Влияние на отношения | 💬 Общение / Коммуникация | 📱 UI/UX / Дизайн,👫 Влияние на отношения
General / Общее,comment,TrippyBlocks,/u/TrippyBlocks on Best actually free app for couples?,"Cutest Couple has a free 1 week trial to see if it works for you. No card required. After that it cuts some of the features but still usable. It’s a cool mix of Personal Goals, Shared Goals, Wishes & Love Languages. https://cutestcouple.app",dating,https://www.reddit.com/r/dating/comments/1pwcopj/best_actually_free_app_for_couples/,2026-02-17T22:22:29+00:00,0.929,positive,💰 Цена / Подписка | ❤️ Близость / Интимность | 🎯 Активности / Игры / Квизы,💰 Цена / Подписка
General / Общее,post,Perfect_Bed_5156,any good couples apps you’d recommend?,"any good couples apps you’d recommend? my partner and i were talking about trying a couples app, mostly out of curiosity. there are a lot of apps out there and it’s hard to tell which ones are actually worth sticking with, so i figured i’d ask here. if you’ve tried any couples apps you liked (or didn’t), i’d love to hear what you think. submitted by /u/Perfect_Bed_5156 to r/apps [link] [comments]",apps,https://www.reddit.com/r/apps/comments/1qao3tr/any_good_couples_apps_youd_recommend/,2026-01-12T06:58:09+00:00,0.917,positive,⭐ Общее впечатление | 👫 Влияние на отношения | 💬 Общение / Коммуникация,⭐ Общее впечатление
General / Общее,comment,happyjj24,/u/happyjj24 on any good couples apps you’d recommend?,"We’ve been using Riamo for a bit and it’s been nice. It’s pretty low-key and just gives you prompts to talk, without trying to turn the relationship into a game or a task list.",apps,https://www.reddit.com/r/apps/comments/1qao3tr/any_good_couples_apps_youd_recommend/,2026-01-12T08:11:39+00:00,0.718,positive,💬 Общение / Коммуникация | 🎯 Активности / Игры / Квизы | 👫 Влияние на отношения,💬 Общение / Коммуникация
General / Общее,comment,Dry-Particular-1422,/u/Dry-Particular-1422 on any good couples apps you’d recommend?,Don't rely on an app. Daily conversations matter more.,apps,https://www.reddit.com/r/apps/comments/1qao3tr/any_good_couples_apps_youd_recommend/,2026-01-12T07:03:02+00:00,0.026,neutral,💬 Общение / Коммуникация,💬 Общение / Коммуникация
General / Общее,comment,natinate77,/u/natinate77 on any good couples apps you’d recommend?,"True, if communication is lacking, no app will fix that. But sometimes apps can spark conversation or help you both explore your relationship in a fun way. Have you thought about trying something like 'Couple' or 'Between' to see if they help? They can be pretty engaging!",apps,https://www.reddit.com/r/apps/comments/1qao3tr/any_good_couples_apps_youd_recommend/,2026-01-12T22:50:19+00:00,0.976,positive,💬 Общение / Коммуникация | 👫 Влияние на отношения | 🎯 Активности / Игры / Квизы,💬 Общение / Коммуникация
General / Общее,comment,Visual-Evening5807,/u/Visual-Evening5807 on any good couples apps you’d recommend?,Or apps Like LovBirdz who have a real gamification side?,apps,https://www.reddit.com/r/apps/comments/1qao3tr/any_good_couples_apps_youd_recommend/,2026-01-14T15:28:54+00:00,0.361,positive,📝 Без категории,📝 Без категории
General / Общее,comment,Knights_Fight,/u/Knights_Fight on any good couples apps you’d recommend?,"I know you said 'app' specifically, but my wife and I got We Are Not Strangers 365 edition. You simply scratch a card off and answer the prompt. Some are kind of deep, like 'What's something about me that you love but I am insecure about"" or ""why did you fall in love with me"". There are a couple that are up for interpretation, like ""What is my trigger"". It's honestly not bad. I would say maybe get it on sale for 10-12 bucks, not the 20-25 bucks I paid for it. And keep a coin in the box (I chose a quarter) because the little heart shaped scratch of snapped pretty easily. Oh, and there are a couple 'activity' cards, like ""Whoever scratched this card has to plan 4 dates"" or ""Go for a walk without your cell phones"".",apps,https://www.reddit.com/r/apps/comments/1qao3tr/any_good_couples_apps_youd_recommend/,2026-01-12T07:32:29+00:00,0.991,positive,🎯 Активности / Игры / Квизы | 👫 Влияние на отношения | 💬 Общение / Коммуникация,🎯 Активности / Игры / Квизы
General / Общее,comment,vivashare,/u/vivashare on any good couples apps you’d recommend?,"I've been using Paired and it is nice, my GF likes it but it feels kinda childish for me. A couple of weeks ago, after a heated Christmas argument, I tried with several that were more centered around conflict resolution and Lovefix was a clear winner. I used a session in solo mode and then did one with my GF. It was really nice because it made us feel heard, helped see each other's perspective and find a common ground. It even created a small action plan for us. However it doesn't have the daily check-in stuff like Paired. To recap: Daily check-ins, for the cute part, tender love: Paired Conflict resolution: Lovefix We are now subscribed to both and it's like 25$ in total (ofc I am the one paying...). Also, the apps help a lot but you need to put in the work too.",apps,https://www.reddit.com/r/apps/comments/1qao3tr/any_good_couples_apps_youd_recommend/,2026-01-18T18:55:50+00:00,0.982,positive,👫 Влияние на отношения | 💬 Общение / Коммуникация | 📅 Планирование / Календарь,👫 Влияние на отношения
General / Общее,comment,hotdog147,/u/hotdog147 on any good couples apps you’d recommend?,"I'm making a video calling app with built in games for long distance couples. There are board games, word games, and mini-video games to make long distance date nights fun. https://funcalling.com/",apps,https://www.reddit.com/r/apps/comments/1qao3tr/any_good_couples_apps_youd_recommend/,2026-01-12T07:05:51+00:00,0.511,positive,🎯 Активности / Игры / Квизы | 💬 Общение / Коммуникация | 👫 Влияние на отношения,🎯 Активности / Игры / Квизы
General / Общее,comment,miracleaayodele,/u/miracleaayodele on any good couples apps you’d recommend?,You should try out Bond44. It is really a cool app,apps,https://www.reddit.com/r/apps/comments/1qao3tr/any_good_couples_apps_youd_recommend/,2026-01-12T09:21:22+00:00,0.377,positive,👫 Влияние на отношения,👫 Влияние на отношения
General / Общее,comment,Tiroolyi,/u/Tiroolyi on any good couples apps you’d recommend?,"Married 10+ years here. What we tried / kept: Couple Game : very soft, very progressive. The upfront preference quiz helps a lot. Good if one partner is cautious or vanilla. Paired : closer to therapy than play. Koppla : “controlled adventurousness”. Difficulty levels + some predictability made it easier to say yes and actually enjoy it. LovBirdz : more long-term. High-quality game, Less about shock, more about conversations (daily life + sexuality). Different vibe, but genuinely good. Desire : fine, but kind of forgettable.",apps,https://www.reddit.com/r/apps/comments/1qao3tr/any_good_couples_apps_youd_recommend/,2026-01-12T10:50:37+00:00,0.926,positive,👫 Влияние на отношения | 🎯 Активности / Игры / Квизы | ❤️ Близость / Интимность,👫 Влияние на отношения
General / Общее,comment,buenvuelo,/u/buenvuelo on any good couples apps you’d recommend?,"Relationship app for couples but you can create memories and milestones. Also private stories. Besides other features like games, date ideas and questions road to deeper things.",apps,https://www.reddit.com/r/apps/comments/1qao3tr/any_good_couples_apps_youd_recommend/,2026-01-20T09:43:58+00:00,0.71,positive,🎯 Активности / Игры / Квизы | 📅 Планирование / Календарь | 👫 Влияние на отношения,🎯 Активности / Игры / Квизы
General / Общее,comment,Calm-Ad-3327,/u/Calm-Ad-3327 on any good couples apps you’d recommend?,"If you are looking for fun games for date night, this one is pretty good - https://apps.apple.com/gb/app/couple-games-charades/id6757168434",apps,https://www.reddit.com/r/apps/comments/1qao3tr/any_good_couples_apps_youd_recommend/,2026-01-12T10:58:36+00:00,0.856,positive,🎯 Активности / Игры / Квизы | 👫 Влияние на отношения,🎯 Активности / Игры / Квизы
General / Общее,comment,Own_Palpitation_8616,/u/Own_Palpitation_8616 on any good couples apps you’d recommend?,What kind of app do you need? For fun and games or to keep track of smthing?,apps,https://www.reddit.com/r/apps/comments/1qao3tr/any_good_couples_apps_youd_recommend/,2026-01-12T11:00:22+00:00,0.566,positive,🎯 Активности / Игры / Квизы,🎯 Активности / Игры / Квизы
General / Общее,comment,Good_Caregiver9617,/u/Good_Caregiver9617 on any good couples apps you’d recommend?,"Kindest for reminders and habits to nurture relationships, Heart2Heart for intimate conversations. Both are free on the App Store",apps,https://www.reddit.com/r/apps/comments/1qao3tr/any_good_couples_apps_youd_recommend/,2026-01-13T10:25:39+00:00,0.691,positive,💬 Общение / Коммуникация | ❤️ Близость / Интимность | 📅 Планирование / Календарь,💬 Общение / Коммуникация
General / Общее,comment,lucytaylor01,/u/lucytaylor01 on any good couples apps you’d recommend?,Try Couple Game. I loved this app and used for fun questions and challenges to learn more about each other.,apps,https://www.reddit.com/r/apps/comments/1qao3tr/any_good_couples_apps_youd_recommend/,2026-01-15T13:00:16+00:00,0.818,positive,🎯 Активности / Игры / Квизы | 👫 Влияние на отношения,🎯 Активности / Игры / Квизы
General / Общее,comment,Full-Tip2622,/u/Full-Tip2622 on any good couples apps you’d recommend?,"Pocket Clear is a simple, privacy-first expense tracker built for people who want clarity without noise. We intentionally kept it minimal: No ads No bank or SMS access Offline-friendly Plain “Money In / Money Out” tracking The goal wasn’t to build another feature-heavy finance app — it was to make expense tracking something people actually stick to.",apps,https://www.reddit.com/r/apps/comments/1qao3tr/any_good_couples_apps_youd_recommend/,2026-01-16T12:42:05+00:00,0.647,positive,📱 UI/UX / Дизайн | 💰 Цена / Подписка | 🔒 Приватность / Безопасность,📱 UI/UX / Дизайн
General / Общее,comment,Explore-Hub,/u/Explore-Hub on any good couples apps you’d recommend?,"My wife and I downloaded ""Ban It"" to help us break our bad habits related to caffeine and other things.",apps,https://www.reddit.com/r/apps/comments/1qao3tr/any_good_couples_apps_youd_recommend/,2026-01-16T17:53:54+00:00,-0.66,negative,⭐ Общее впечатление | 👫 Влияние на отношения,⭐ Общее впечатление
General / Общее,comment,KilkaLabs,/u/KilkaLabs on any good couples apps you’d recommend?,"We're developing ""In The Mood"" app. Most couples apps try to do a lot of things. We focused on one: eliminating the awkward ""are you in the mood?"" conversation. How? Both partners privately set their mood. Only notification = mutual match. Bonus feature (Heart Signals) lets you send caring check-ins without revealing your mood. Keeps the door open, no pressure. Privacy and simplicity over features. If that appeals to you, would love your feedback: https://apps.apple.com/ee/app/in-the-mood-couples/id6744419061",apps,https://www.reddit.com/r/apps/comments/1qao3tr/any_good_couples_apps_youd_recommend/,2026-01-17T22:52:21+00:00,0.96,positive,💬 Общение / Коммуникация | 👫 Влияние на отношения | 🔒 Приватность / Безопасность,💬 Общение / Коммуникация
General / Общее,comment,ducdeswin,/u/ducdeswin on any good couples apps you’d recommend?,"I haven’t really found a couples app that stuck long term either. Most of them felt either too “cute”, too gamified, or like something you have to actively maintain — which is usually the problem in the first place. That’s actually why I’m building a small one myself. Not to replace conversations, but to help start them when daily life makes it harder than it should. It’s called Idylle and it’s very intentionally minimal: no streak pressure, no therapy framing, no productivity vibe. Just light prompts when energy is low. Early beta here if you’re curious: https://idylle.app/en Curious to hear what you’ve tried that didn’t work for you.",apps,https://www.reddit.com/r/apps/comments/1qao3tr/any_good_couples_apps_youd_recommend/,2026-01-25T21:23:01+00:00,0.465,positive,💬 Общение / Коммуникация | 🐛 Баги / Технические проблемы | 👫 Влияние на отношения,💬 Общение / Коммуникация
General / Общее,comment,black_fist_up,/u/black_fist_up on any good couples apps you’d recommend?,"Most of them are pretty similar prompts, check-ins, little gamified things. They can be fun, but they only really help if both people actually engage with the conversations. To be honest I’m building a couples communication app focused more on guided, deeper conversations still early, so lighter on content than bigger apps, but that’s the direction we’re exploring. Even if you don’t use any app, the real win is setting aside intentional time to talk the tool just gives you a doorway.",apps,https://www.reddit.com/r/apps/comments/1qao3tr/any_good_couples_apps_youd_recommend/,2026-02-01T21:54:15+00:00,0.976,positive,💬 Общение / Коммуникация | 🎯 Активности / Игры / Квизы | 👫 Влияние на отношения,💬 Общение / Коммуникация
General / Общее,comment,PunIntended777,/u/PunIntended777 on any good couples apps you’d recommend?,"Me and my partner started using Orbs ! It has many nice features, both for connection and productivity for couples. It has quizzes on different topics, a daily question for both of you to answer, mini games, widgets & more. We really enjoy using it",apps,https://www.reddit.com/r/apps/comments/1qao3tr/any_good_couples_apps_youd_recommend/,2026-02-03T16:07:58+00:00,0.781,positive,🎯 Активности / Игры / Квизы | 💬 Общение / Коммуникация | 👫 Влияние на отношения,🎯 Активности / Игры / Квизы
General / Общее,comment,MostWarning5819,/u/MostWarning5819 on any good couples apps you’d recommend?,"We are in a long-distance relationship and my boyfriend is building a chat-based app for couples. I helped with research on psychology. What we believe in and want to implement - are guided conversations, which ideally should be regular and supported by both partners. It's the idea we align with, to build a shared space through conversations. If you want to try, let us know what you think: littlefairy.app There are new updates and features that are coming soon, it's a still work-in-progress.",apps,https://www.reddit.com/r/apps/comments/1qao3tr/any_good_couples_apps_youd_recommend/,2026-02-16T00:09:45+00:00,0.796,positive,👫 Влияние на отношения | 💬 Общение / Коммуникация | 🐛 Баги / Технические проблемы,👫 Влияние на отношения
General / Общее,comment,doobean,/u/doobean on any good couples apps you’d recommend?,"App called DailyQuest is a todo app my wife and I use almost every day. We can assign tasks to each other, check them off, and earn rewards. Simple and cute. We both are ios users, so not sure if it's in android store tho.",apps,https://www.reddit.com/r/apps/comments/1qao3tr/any_good_couples_apps_youd_recommend/,2026-02-16T06:59:19+00:00,0.594,positive,💬 Общение / Коммуникация | 👫 Влияние на отношения | 📱 UI/UX / Дизайн,💬 Общение / Коммуникация
General / Общее,comment,Zealousideal-West-46,/u/Zealousideal-West-46 on any good couples apps you’d recommend?,"My partner and I tried a few couples apps just out of curiosity, and most didn’t really stick. Some felt too competitive, others a bit shallow. One we’ve actually kept using is NaughtyMatch. What we liked is that it’s structured in different levels, so you can keep things very light at first and gradually go deeper if you want. The more “spicy” or extreme levels are optional and paid, but honestly pretty affordable, and we liked that it doesn’t force anything you just unlock what feels right for you. overall it felt more like shared couple time than a game.",apps,https://www.reddit.com/r/apps/comments/1qao3tr/any_good_couples_apps_youd_recommend/,2026-02-17T21:24:54+00:00,0.971,positive,👫 Влияние на отношения | 🎯 Активности / Игры / Квизы | 💰 Цена / Подписка,👫 Влияние на отношения
General / Общее,comment,TrippyBlocks,/u/TrippyBlocks on any good couples apps you’d recommend?,"Cutest Couple has a free 1 week trial to see if it works for you. It’s a cool mix of Personal Goals, Shared Goals, Wishes & Love Languages. https://cutestcouple.app",apps,https://www.reddit.com/r/apps/comments/1qao3tr/any_good_couples_apps_youd_recommend/,2026-02-17T22:19:39+00:00,0.949,positive,💰 Цена / Подписка | ❤️ Близость / Интимность | 👫 Влияние на отношения,💰 Цена / Подписка
General / Общее,comment,ahmetsahan,/u/ahmetsahan on any good couples apps you’d recommend?,https://apps.apple.com/tr/app/petiverse-couple-pet-widget/id6753694438 Hi guys we made it an app for couples me and my girlfriend design this app I hope you will like this,apps,https://www.reddit.com/r/apps/comments/1qao3tr/any_good_couples_apps_youd_recommend/,2026-01-28T10:30:29+00:00,0.66,positive,👫 Влияние на отношения | 📱 UI/UX / Дизайн,👫 Влияние на отношения
General / Общее,post,jsfsmith,A couple apps that I cannot recommend highly enough: DeepSeek and RedNote,"A couple apps that I cannot recommend highly enough: DeepSeek and RedNote When discussing ""essential apps,"" the big names are WeChat, AliPay, Apple Maps, etc. I have two to add to this list, one of which is an absolute, essential life-saver, the other of which is really nice to have. Both of these are Chinese apps that work fine without a VPN. DeepSeek Let's say you're in a place where nobody speaks English, and there's something written in Chinese and you want to figure out what it means. You can use OCR translation on Apple Translate... or you can pull up DeepSeek. DeepSeek understands pretty much everything China-related, as it is trained on Chinese data. I have used DeepSeek to translate restaurant menus, WeChat mini-apps, museum displays, and more. You won't get half-coherent direct translations, you will get an in-depth, fluid explanation of whatever it is you want to know. As with all AI, there is a risk of data hallucination, and it' s not as fluid for conversation as WeChat or Apple translation, but when it's needed, it does a much better job than either of the above. You can also use DeepSeek for any questions about the practicalities of being in China, from laws and regulations to stuff you might be missing on your travel itinerary. RedNote (Xiaohongshu) This is less an essential lifesaver and more a really nice way to discover off the beaten path attractions. RedNote, for those who don't know, is a Chinese social media platform that is kind of a cross between Pinterest and Instagram. It is probably the most foreigner-friendly Chinese social media app as it is easy to get an account and has a really accurate translation algorithm. It's also popular with the Chinese upple middle class - the exact types who are most likely to be well-travelled domestically. I am currently gearing up for a Shandong vacation over Christmas break. A couple months ago I asked this group for travel advice in Shandong... and got total silence. Crickets. And I get why - if you are",chinatravel,https://www.reddit.com/r/chinatravel/comments/1p3junc/a_couple_apps_that_i_cannot_recommend_highly/,2025-11-22T04:14:18+00:00,0.996,positive,💬 Общение / Коммуникация | 👫 Влияние на отношения | 🎯 Активности / Игры / Квизы,💬 Общение / Коммуникация
General / Общее,comment,cruciger,/u/cruciger on A couple apps that I cannot recommend highly enough: DeepSeek and RedNote,"I got XHS to learn more about travel in China but I ended up using it for domestic/other international travel and food advice, too. It recommended me good spots in my own country I'd never thought of, because XHS community is very informed 😂",chinatravel,https://www.reddit.com/r/chinatravel/comments/1p3junc/a_couple_apps_that_i_cannot_recommend_highly/,2025-11-22T04:49:34+00:00,0.872,positive,⭐ Общее впечатление,⭐ Общее впечатление
General / Общее,comment,jsfsmith,/u/jsfsmith on A couple apps that I cannot recommend highly enough: DeepSeek and RedNote,"I mean, of course you shouldn’t use it as your one and only source but it’s served me well for brainstorming several times. It also beats any translation app for explaining stuff, hands down. Which is why most of my post is about that and the “it’s not bad for finding itinerary ideas” is half a sentence at the bottom.",chinatravel,https://www.reddit.com/r/chinatravel/comments/1p3junc/a_couple_apps_that_i_cannot_recommend_highly/,2025-11-22T09:35:22+00:00,0.783,positive,📝 Без категории,📝 Без категории
General / Общее,comment,jsfsmith,/u/jsfsmith on A couple apps that I cannot recommend highly enough: DeepSeek and RedNote,"Every app steals your data, including the one we are using to have this conversation.",chinatravel,https://www.reddit.com/r/chinatravel/comments/1p3junc/a_couple_apps_that_i_cannot_recommend_highly/,2025-11-22T04:57:24+00:00,-0.511,negative,💬 Общение / Коммуникация | 🔒 Приватность / Безопасность,💬 Общение / Коммуникация
General / Общее,post,boringhistoryfan,"I am struggling to rebuild my self-worth after my ex-fiancé left me for a woman who seems to be a younger, smarter, prettier, and better version of myself. [REPOST]","I am struggling to rebuild my self-worth after my ex-fiancé left me for a woman who seems to be a younger, smarter, prettier, and better version of myself. [REPOST] This was originally posted by u/ bestupdator a while ago. The post never got a lot of attention, and its interesting enough that I want to repost it. I haven't made any changes to Best's post except to add dates next to the post and update. I am not the OOP. That is u/ milochi . Reminder DO NOT CONTACT OOPs OR POST IN LINKED THREADS Link to Original Post *minor edits October 24 2019 Hi guys. I know it’s probably hard to believe given how nauseatingly pathetic I sound right now but before this happened, I really felt like a confident and content human being. Almost all of my current friends are mutual friends with my ex-fiancé so I don’t want to embroil them in this drama or compel anyone to “choose sides” or feel uncomfortable. So I guess I’m trying to turn to this community for solace and guidance because I’ve read a great deal of mature and grounded advice here. I hope this sounds somewhat coherent as I’ve currently locked myself in a conference room and shut the blinds so no one can see me cry as I type this. I was with my ex-fiancé for 7 years. He is the only romantic partner I’ve ever truly loved. I was completely, head-over-heels in love with him. Even now, after all this, I still feel that way about him. He is charming, goofy, kind, quick-witted, interesting, ambitious, and gorgeous. We got engaged 2 years ago but were not in a rush to get married. About a year ago, we began to seriously contemplate trying for a baby. We had lived together happily for 6 years, we had done all the travelling and partying we wanted to in our twenties, and we were excited to start our family. Over the next 6 months, he was much busier than normal but I didn’t think anything was wrong. I did my best to alleviate any extra stress he had (though I was experiencing some extra pressure at work too) by taking over all the ",BestofRedditorUpdates,https://www.reddit.com/r/BestofRedditorUpdates/comments/1j7fqej/i_am_struggling_to_rebuild_my_selfworth_after_my/,2025-03-09T19:40:45+00:00,1.0,positive,👫 Влияние на отношения | ⭐ Общее впечатление | 💬 Общение / Коммуникация,👫 Влияние на отношения
General / Общее,comment,blueavole,"/u/blueavole on I am struggling to rebuild my self-worth after my ex-fiancé left me for a woman who seems to be a younger, smarter, prettier, and better version of myself. [REPOST]","And if he was ‘unhappy and had been unhappy for a long time’ But did absolutely nothing to figure out why he was unhappy, or made zero effort to work through things with her- No wonder the new relationship didn’t work. It might spark, but the new woman won’t be there to support him for months while work gets hectic. Or have years of in jokes. He couldn’t even bother to really talk to her about getting back together, just started drunk dialing",BestofRedditorUpdates,https://www.reddit.com/r/BestofRedditorUpdates/comments/1j7fqej/i_am_struggling_to_rebuild_my_selfworth_after_my/,2025-03-09T20:24:47+00:00,-0.735,negative,👫 Влияние на отношения | 💬 Общение / Коммуникация,👫 Влияние на отношения
General / Общее,comment,stinky-peterson,"/u/stinky-peterson on I am struggling to rebuild my self-worth after my ex-fiancé left me for a woman who seems to be a younger, smarter, prettier, and better version of myself. [REPOST]","I think about this often as my husband and I approach 10 years married. The way people talked about marriage when I was growing up, I always thought love inevitably drained away over time and turned to resentment. I was scared when I met him and we were so so so into each other that it was the peak of our relationship, but nah. It's not particularly dramatic now, but it gets better and better.",BestofRedditorUpdates,https://www.reddit.com/r/BestofRedditorUpdates/comments/1j7fqej/i_am_struggling_to_rebuild_my_selfworth_after_my/,2025-03-09T22:10:08+00:00,0.751,positive,👫 Влияние на отношения | 💬 Общение / Коммуникация,👫 Влияние на отношения
General / Общее,comment,amylouise0185,"/u/amylouise0185 on I am struggling to rebuild my self-worth after my ex-fiancé left me for a woman who seems to be a younger, smarter, prettier, and better version of myself. [REPOST]","Not for me, holiday me is always happy. It's when I get home that the crushing sadness that I was avoiding consumes me worse than before I left. There's quite a bit of research that's been done on post-holiday depression.",BestofRedditorUpdates,https://www.reddit.com/r/BestofRedditorUpdates/comments/1j7fqej/i_am_struggling_to_rebuild_my_selfworth_after_my/,2025-03-09T23:49:56+00:00,-0.903,negative,📱 UI/UX / Дизайн,📱 UI/UX / Дизайн
General / Общее,comment,Legitimate-Tea6613,"/u/Legitimate-Tea6613 on I am struggling to rebuild my self-worth after my ex-fiancé left me for a woman who seems to be a younger, smarter, prettier, and better version of myself. [REPOST]","I say this all the time and no one gets the reference 😭😂😭😂, so happy to see this comment!",BestofRedditorUpdates,https://www.reddit.com/r/BestofRedditorUpdates/comments/1j7fqej/i_am_struggling_to_rebuild_my_selfworth_after_my/,2025-03-09T21:17:07+00:00,0.532,positive,📝 Без категории,📝 Без категории
General / Общее,comment,Suitable-Biscotti,"/u/Suitable-Biscotti on I am struggling to rebuild my self-worth after my ex-fiancé left me for a woman who seems to be a younger, smarter, prettier, and better version of myself. [REPOST]","I'm apparently very petty bc I was so happy his relationship failed. I suspect he cheated, at least emotionally, and at the very least, he lied about how he was feeling. I'm glad OP valued herself enough to move on and not rekindle their relationship.",BestofRedditorUpdates,https://www.reddit.com/r/BestofRedditorUpdates/comments/1j7fqej/i_am_struggling_to_rebuild_my_selfworth_after_my/,2025-03-09T20:12:10+00:00,-0.157,negative,👫 Влияние на отношения,👫 Влияние на отношения
General / Общее,comment,GlitterDoomsday,"/u/GlitterDoomsday on I am struggling to rebuild my self-worth after my ex-fiancé left me for a woman who seems to be a younger, smarter, prettier, and better version of myself. [REPOST]","I re-downloaded Instagram and went to his profile. His latest picture was him at his cousin's wedding with his arm around a gorgeous girl She met his relatives and a drunken uncle or messy cousin made her realize she was the side chick for what she assumed was the majority of their relationship. Or if she knew already, meeting her family was the reality check on how others that knew OOP saw her.",BestofRedditorUpdates,https://www.reddit.com/r/BestofRedditorUpdates/comments/1j7fqej/i_am_struggling_to_rebuild_my_selfworth_after_my/,2025-03-10T00:28:11+00:00,0.361,positive,⭐ Общее впечатление | 👫 Влияние на отношения,⭐ Общее впечатление
General / Общее,comment,castfire,"/u/castfire on I am struggling to rebuild my self-worth after my ex-fiancé left me for a woman who seems to be a younger, smarter, prettier, and better version of myself. [REPOST]","Yup. And also “Why did they break up?” If she’s a mini-OOP, wouldn’t that make you think “Gee, is the same thing just gonna happen to me in seven years (or less)?”",BestofRedditorUpdates,https://www.reddit.com/r/BestofRedditorUpdates/comments/1j7fqej/i_am_struggling_to_rebuild_my_selfworth_after_my/,2025-03-09T21:14:22+00:00,0.0,neutral,📝 Без категории,📝 Без категории
General / Общее,comment,LittleMsSavoirFaire,"/u/LittleMsSavoirFaire on I am struggling to rebuild my self-worth after my ex-fiancé left me for a woman who seems to be a younger, smarter, prettier, and better version of myself. [REPOST]","It would be edifying for OP to hear what her replacement thinks about her - Junior wouldn't know that OP applied for the prestigious program she graduated from. She probably thinks ""this woman is who I want to be when I grow up. And this dip shit I'm dating kicked her to the curb?!""",BestofRedditorUpdates,https://www.reddit.com/r/BestofRedditorUpdates/comments/1j7fqej/i_am_struggling_to_rebuild_my_selfworth_after_my/,2025-03-09T20:56:03+00:00,-0.556,negative,👫 Влияние на отношения,👫 Влияние на отношения
General / Общее,comment,[deleted],"/u/[deleted] on I am struggling to rebuild my self-worth after my ex-fiancé left me for a woman who seems to be a younger, smarter, prettier, and better version of myself. [REPOST]",Chiming in to add that if this is what happened to to the younger girlfriend she likely had enough self awareness to realise that what had happened to OOP could / mostly would happen to HER in seven years’ time … when she begins to look more and more like OOP. And that’s hardly an appealing or heartwarming future to anticipate.,BestofRedditorUpdates,https://www.reddit.com/r/BestofRedditorUpdates/comments/1j7fqej/i_am_struggling_to_rebuild_my_selfworth_after_my/,2025-03-09T21:23:33+00:00,0.732,positive,👫 Влияние на отношения,👫 Влияние на отношения
General / Общее,comment,FiberKitty,"/u/FiberKitty on I am struggling to rebuild my self-worth after my ex-fiancé left me for a woman who seems to be a younger, smarter, prettier, and better version of myself. [REPOST]",Is it coincidence that she was more appealing to him after she got a big promotion? It's all about him and how shiny his arm candy looks. He's missing something on the inside.,BestofRedditorUpdates,https://www.reddit.com/r/BestofRedditorUpdates/comments/1j7fqej/i_am_struggling_to_rebuild_my_selfworth_after_my/,2025-03-09T20:24:11+00:00,-0.296,negative,📝 Без категории,📝 Без категории
General / Общее,comment,7grendel,"/u/7grendel on I am struggling to rebuild my self-worth after my ex-fiancé left me for a woman who seems to be a younger, smarter, prettier, and better version of myself. [REPOST]",Yup. Exact thing happened with me an my ex. Its been 10 years but I still bump into him occasionally (same hobby) and at some point he always gets that face of sadness and regret. Not my problem.,BestofRedditorUpdates,https://www.reddit.com/r/BestofRedditorUpdates/comments/1j7fqej/i_am_struggling_to_rebuild_my_selfworth_after_my/,2025-03-09T20:20:33+00:00,-0.687,negative,🐛 Баги / Технические проблемы,🐛 Баги / Технические проблемы
General / Общее,comment,__lavender,"/u/__lavender on I am struggling to rebuild my self-worth after my ex-fiancé left me for a woman who seems to be a younger, smarter, prettier, and better version of myself. [REPOST]","Unfortunately I work in a news-adjacent field and had to read the news every day back then (still do), so I saw the slo-mo train wreck of a government response as it was happening and knew exactly how divided and fucked up we were/are. I agree that certain moments had many of us feeling united, but it was really surface-level and fragile.",BestofRedditorUpdates,https://www.reddit.com/r/BestofRedditorUpdates/comments/1j7fqej/i_am_struggling_to_rebuild_my_selfworth_after_my/,2025-03-09T20:35:03+00:00,-0.226,negative,📝 Без категории,📝 Без категории
General / Общее,comment,Personal_Special809,"/u/Personal_Special809 on I am struggling to rebuild my self-worth after my ex-fiancé left me for a woman who seems to be a younger, smarter, prettier, and better version of myself. [REPOST]",Could also have ended well. That's what happened to my short relationship in 2020 and now we have a house and two kids and we're doing well.,BestofRedditorUpdates,https://www.reddit.com/r/BestofRedditorUpdates/comments/1j7fqej/i_am_struggling_to_rebuild_my_selfworth_after_my/,2025-03-09T21:26:08+00:00,0.494,positive,👫 Влияние на отношения,👫 Влияние на отношения
General / Общее,comment,Junior-Dingo-7764,"/u/Junior-Dingo-7764 on I am struggling to rebuild my self-worth after my ex-fiancé left me for a woman who seems to be a younger, smarter, prettier, and better version of myself. [REPOST]","The whole the new relationship isn't what it seems on social media thing reminds me of a story. I dated a guy for a bit (not seven years like OP!) and he pulled the ""I don't see this working out"" line out of nowhere. It was a little surprising. He then moved on pretty fast. I am not that active on social media but I happened to see a post with his new girlfriend. They were in a serious relationship maybe a month or two after we split. Anyway, maybe two years later I moved to a new state and was on a dating app. I saw a profile picture that was familiar. I was like ""oh shit, that is him."" I thought he must have broken up with his new girlfriend. So, out of curiosity I went back onto social media. The post that came up was them buying a house together. She was posting about them buying a house and he was actively on dating apps. He is such an idiot and I am glad he broke up with me.",BestofRedditorUpdates,https://www.reddit.com/r/BestofRedditorUpdates/comments/1j7fqej/i_am_struggling_to_rebuild_my_selfworth_after_my/,2025-03-09T22:26:55+00:00,-0.856,negative,👫 Влияние на отношения | 📅 Планирование / Календарь | 🐛 Баги / Технические проблемы,👫 Влияние на отношения
General / Общее,comment,ResidingAt42,"/u/ResidingAt42 on I am struggling to rebuild my self-worth after my ex-fiancé left me for a woman who seems to be a younger, smarter, prettier, and better version of myself. [REPOST]","Yes and no actually. I'm in my 40s and there is something to be said about hitting your early 30s and wanting to ""settle down"", whatever that looks like for you. I know people who are the same age as me who decided that they wanted to get married and have kids in their 30s. There's a certain point where you just don't want to fuck around. You find a similar minded person with similar beliefs and mindsets and go from there. It is very abrupt, and it looks maybe not quite right, but from my anecdotal experience it usually turns out ok. I can name 4 girlfriends off of the top of my head right now where they got married in their 30s with men they'd dated for less than a year and they're still together and happy with their lives. I know 1 couple where this did not work out. Again, this is from a young GenX/old Millenial POV in SoCal.",BestofRedditorUpdates,https://www.reddit.com/r/BestofRedditorUpdates/comments/1j7fqej/i_am_struggling_to_rebuild_my_selfworth_after_my/,2025-03-09T22:00:58+00:00,0.891,positive,👫 Влияние на отношения | 🐛 Баги / Технические проблемы | 📱 UI/UX / Дизайн,👫 Влияние на отношения
General / Общее,post,Internal_Media1063,[Free Lifetime Access] [48 Hours Only] Moneko: The Shared Budget App for Couples & Friends,"[Free Lifetime Access] [48 Hours Only] Moneko: The Shared Budget App for Couples & Friends To celebrate the launch of our new shared budgeting beta , we are giving away FREE Lifetime Premium Access to Moneko, the easiest way to manage shared budgets together without stress or spreadsheets. Ever been stuck on questions like… “How should we split dinner this time?” “Who paid for the last trip?” “How do we actually track what’s fair between us?” If you have ever felt that awkward pause when it comes to shared expenses, whether with your partner, roommate, or travel buddy, this is for you. With Moneko , you can split expenses, track goals, and log spending right from the app or even through WhatsApp . Why you’ll love it: 💑 Shared budgets for couples, friends, or groups 💬 Instant notifications when someone logs or splits an expense 📸 Add expenses by text or photo, Moneko detects and fills details automatically 🌍 Supports 35+ currencies, great for travel or long-distance couples 🤖 Smart AI sorting and spending insights 💾 Privacy first, no ads, no data selling How to claim your offer: Upvote this post ❤️ Comment “ Ready ” below 👉 I will DM you a link for the referral page Once you share your referral link and your friend joins, both of you get lifetime access for free . ⏳ Offer expires in 48 hours , do not miss it! Join our Discord to get instant support, referral help, and early feature updates. 💜 We’d love to have you in the community. submitted by /u/Internal_Media1063 to r/iosapps [link] [comments]",iosapps,https://www.reddit.com/r/iosapps/comments/1oq4tk0/free_lifetime_access_48_hours_only_moneko_the/,2025-11-06T17:16:27+00:00,0.997,positive,💰 Цена / Подписка | 🐛 Баги / Технические проблемы | 👫 Влияние на отношения,💰 Цена / Подписка
General / Общее,comment,yesimtherealeksen,/u/yesimtherealeksen on [Free Lifetime Access] [48 Hours Only] Moneko: The Shared Budget App for Couples & Friends,"I have a problem, app after launching is not working, just grey color and that's it.. :(",iosapps,https://www.reddit.com/r/iosapps/comments/1oq4tk0/free_lifetime_access_48_hours_only_moneko_the/,2025-11-06T19:26:23+00:00,-0.695,negative,🐛 Баги / Технические проблемы,🐛 Баги / Технические проблемы
General / Общее,comment,Miserable-Tie-1199,/u/Miserable-Tie-1199 on [Free Lifetime Access] [48 Hours Only] Moneko: The Shared Budget App for Couples & Friends,like the app design.,iosapps,https://www.reddit.com/r/iosapps/comments/1oq4tk0/free_lifetime_access_48_hours_only_moneko_the/,2025-11-07T23:14:31+00:00,0.361,positive,📱 UI/UX / Дизайн,📱 UI/UX / Дизайн
General / Общее,post,CashSlow2482,Going long distance this year. Curious if couples apps are worth it.,"Going long distance this year. Curious if couples apps are worth it. My partner and I are going long distance this year and I’m a bit on the fence about couples apps. We already text and call a lot, so I’m not looking for anything life-changing. Just wondering if there’s something that helps you feel a bit more connected day to day, or if most of these apps end up getting deleted after a week. If you’ve tried any while doing long distance, would love to hear what you thought. submitted by /u/CashSlow2482 to r/LongDistance [link] [comments]",LongDistance,https://www.reddit.com/r/LongDistance/comments/1q4bbji/going_long_distance_this_year_curious_if_couples/,2026-01-05T03:56:35+00:00,0.875,positive,💬 Общение / Коммуникация | 👫 Влияние на отношения | 💰 Цена / Подписка,💬 Общение / Коммуникация
General / Общее,comment,Exotic_Lawfulness_16,/u/Exotic_Lawfulness_16 on Going long distance this year. Curious if couples apps are worth it.,"We tried a few different ones last year. Off the top of my head, these were the ones we spent the most time with: Cozy Couple : kind of an all-in-one couples app with reminders, shared activities, and small features Riamo : more conversation and prompt-based, pretty low pressure and not overly gamified Paired : lots of questions and quizzes, good for sparking conversations Love Nudge : focused more on communication styles and love languages Evergreen : more reflective and check-in oriented, less flashy but thoughtful Most of these apps are fun at first, but it really depends on what kind of interaction you’re looking for.",LongDistance,https://www.reddit.com/r/LongDistance/comments/1q4bbji/going_long_distance_this_year_curious_if_couples/,2026-01-05T04:24:53+00:00,0.947,positive,💬 Общение / Коммуникация | 🎯 Активности / Игры / Квизы | ❤️ Близость / Интимность,💬 Общение / Коммуникация
General / Общее,comment,Exotic_Lawfulness_16,/u/Exotic_Lawfulness_16 on Going long distance this year. Curious if couples apps are worth it.,No I think some of them were free apps,LongDistance,https://www.reddit.com/r/LongDistance/comments/1q4bbji/going_long_distance_this_year_curious_if_couples/,2026-01-05T05:02:14+00:00,0.273,positive,💰 Цена / Подписка,💰 Цена / Подписка
General / Общее,comment,Tiroolyi,/u/Tiroolyi on Going long distance this year. Curious if couples apps are worth it.,Did you tried LovBirdz ? Would be nice to have your mind about it!,LongDistance,https://www.reddit.com/r/LongDistance/comments/1q4bbji/going_long_distance_this_year_curious_if_couples/,2026-01-09T12:50:51+00:00,0.475,positive,📝 Без категории,📝 Без категории
General / Общее,comment,CloggedAssassin,/u/CloggedAssassin on Going long distance this year. Curious if couples apps are worth it.,"I’ll give you the keys to success, download Paired. Disclosure, I think it’s $29.99 for a one time fee. But the app is fantastic. Constantly asks serious relationship questions (like comparability with sex, finances, holidays, etc), gives you couples quizzes on comparability, and allows you to set major events, upcoming events, and milestones I check it every morning, and do my “daily challenges”. So does my SO. then I read our answers over my lunch break, and we chat about them over our nightly phone calls For real, it’s worth the money haha. We do it everyday!",LongDistance,https://www.reddit.com/r/LongDistance/comments/1q4bbji/going_long_distance_this_year_curious_if_couples/,2026-01-05T04:18:30+00:00,0.964,positive,🎯 Активности / Игры / Квизы | 💬 Общение / Коммуникация | 📅 Планирование / Календарь,🎯 Активности / Игры / Квизы
General / Общее,comment,CloggedAssassin,/u/CloggedAssassin on Going long distance this year. Curious if couples apps are worth it.,"Well yall asked for add recommendations, and I gave it. Idk how to word it better I swear im so close to leaving this sub",LongDistance,https://www.reddit.com/r/LongDistance/comments/1q4bbji/going_long_distance_this_year_curious_if_couples/,2026-01-05T05:52:21+00:00,0.527,positive,⭐ Общее впечатление | 👫 Влияние на отношения,⭐ Общее впечатление
General / Общее,comment,MalikVonLuzon,/u/MalikVonLuzon on Going long distance this year. Curious if couples apps are worth it.,"Just downloaded it and I don't see a one time fee, only subscription, did this change recently?",LongDistance,https://www.reddit.com/r/LongDistance/comments/1q4bbji/going_long_distance_this_year_curious_if_couples/,2026-02-02T17:56:04+00:00,0.0,neutral,💰 Цена / Подписка | ⭐ Общее впечатление,💰 Цена / Подписка
General / Общее,comment,Forward-Duck8915,/u/Forward-Duck8915 on Going long distance this year. Curious if couples apps are worth it.,Get the app wavelength! So fun to play virtually,LongDistance,https://www.reddit.com/r/LongDistance/comments/1q4bbji/going_long_distance_this_year_curious_if_couples/,2026-01-05T04:26:21+00:00,0.802,positive,🎯 Активности / Игры / Квизы,🎯 Активности / Игры / Квизы
General / Общее,comment,Possible-Wishbone504,/u/Possible-Wishbone504 on Going long distance this year. Curious if couples apps are worth it.,"When me and my partner were long distance the app we had for the longest was pengu!! It’s not much but it is pretty cute and funny. Honestly though, most of those apps cost money to fully access the content so imo it’s not worth it. Our go to was usually those couple quizzes and slideshows where they ask questions about your partner on ig reels lmao. But def checkout pengu!!",LongDistance,https://www.reddit.com/r/LongDistance/comments/1q4bbji/going_long_distance_this_year_curious_if_couples/,2026-01-05T04:05:52+00:00,0.974,positive,🎯 Активности / Игры / Квизы | 💰 Цена / Подписка | 👫 Влияние на отношения,🎯 Активности / Игры / Квизы
General / Общее,comment,noppppp8567433112321,/u/noppppp8567433112321 on Going long distance this year. Curious if couples apps are worth it.,We’ve been using “couple tree” for a few months now. It’s not amazing quality but it’s cute and (most importantly to me) free! We also tired “paired” but found it was a bit too intense for us.,LongDistance,https://www.reddit.com/r/LongDistance/comments/1q4bbji/going_long_distance_this_year_curious_if_couples/,2026-01-05T05:03:14+00:00,0.827,positive,💰 Цена / Подписка | ⭐ Общее впечатление | 👫 Влияние на отношения,💰 Цена / Подписка
General / Общее,comment,Yanimac,/u/Yanimac on Going long distance this year. Curious if couples apps are worth it.,Another app that is worth looking into especially if there’s a big timezone difference is Marco Polo. It’s so you can leave video messages back and forth like a walkie-talkie.,LongDistance,https://www.reddit.com/r/LongDistance/comments/1q4bbji/going_long_distance_this_year_curious_if_couples/,2026-01-05T18:57:24+00:00,0.447,positive,💬 Общение / Коммуникация | 💰 Цена / Подписка,💬 Общение / Коммуникация
General / Общее,comment,Adept-Advertising-10,/u/Adept-Advertising-10 on Going long distance this year. Curious if couples apps are worth it.,"We downloaded a lot of couple apps. None of them worked for us. If anything, the most interactive bonding we do as a couple is managing our farm in Stardew valley and keeping up a Duolingo streak",LongDistance,https://www.reddit.com/r/LongDistance/comments/1q4bbji/going_long_distance_this_year_curious_if_couples/,2026-01-05T20:28:25+00:00,0.0,neutral,👫 Влияние на отношения | ⭐ Общее впечатление,👫 Влияние на отношения
General / Общее,comment,Annabloem,/u/Annabloem on Going long distance this year. Curious if couples apps are worth it.,"We've been using SumOne for over a a year now. It has daily questions and a shared calendar, those are probably my favourite things. There are also extra question packs, a decorating aspect, anniversary trackers, bucketlist etc. We've been using the free version, the paid version removed ads, though they aren't that bad even when paid, most are optional.",LongDistance,https://www.reddit.com/r/LongDistance/comments/1q4bbji/going_long_distance_this_year_curious_if_couples/,2026-01-05T10:09:47+00:00,0.82,positive,📅 Планирование / Календарь | 💰 Цена / Подписка | 💬 Общение / Коммуникация,📅 Планирование / Календарь
General / Общее,comment,Roxy_le_doge,/u/Roxy_le_doge on Going long distance this year. Curious if couples apps are worth it.,Yes we used paired and it helps us to continue to learn new things with one another and sometimes on call we will go more into depth. The journeys they have are very helpful. They have actual therapist thoughts and statistics to help you through that portion of the journey that you choose to do together on the app. I have a ticket that will give you a free look at the premium version of the app. Just let me know :),LongDistance,https://www.reddit.com/r/LongDistance/comments/1q4bbji/going_long_distance_this_year_curious_if_couples/,2026-01-05T17:04:23+00:00,0.947,positive,💰 Цена / Подписка | 💬 Общение / Коммуникация | ⭐ Общее впечатление,💰 Цена / Подписка
General / Общее,comment,Moderntalking2025,/u/Moderntalking2025 on Going long distance this year. Curious if couples apps are worth it.,"Do these apps work only in English ? My girlfriend only speaks Portuguese and we communicate completely on WhatsApp. How would these apps work with being on WhatsApp? There is no other way we can communicate. Would these apps be worth it for us? She also gets frustrated easily with things due to her fibromyalgia and tiring easily so I don’t know if these apps would really help us or not . I also don’t like the idea of paying for the service and doing silly activities like drawing or watering plants . We are both very serious people and don’t like doing nonsense like that soooo I’m Thinking no. We have been together for a little over three years and we’ll meet soon in two years. We generally don’t run out of things to talk about but if I could find one that is free, compatible with WhatsApp, and can work with two couples who don’t speak each others language I might give it a go . Also I would have to convince her that this could be fun which may not be easy . Any suggestions? Or answers ?",LongDistance,https://www.reddit.com/r/LongDistance/comments/1q4bbji/going_long_distance_this_year_curious_if_couples/,2026-01-05T22:08:28+00:00,0.935,positive,👫 Влияние на отношения | 💬 Общение / Коммуникация | 💰 Цена / Подписка,👫 Влияние на отношения
General / Общее,comment,Moderntalking2025,/u/Moderntalking2025 on Going long distance this year. Curious if couples apps are worth it.,We also don’t like to play these silly online bs games : we never run out of things to talk about . I also won’t pay to make the app creators more wealthy .,LongDistance,https://www.reddit.com/r/LongDistance/comments/1q4bbji/going_long_distance_this_year_curious_if_couples/,2026-01-21T23:33:13+00:00,0.75,positive,🎯 Активности / Игры / Квизы | 💬 Общение / Коммуникация,🎯 Активности / Игры / Квизы
General / Общее,comment,EnvyUnoXo,/u/EnvyUnoXo on Going long distance this year. Curious if couples apps are worth it.,"In my experience, couples apps are cute at first but inevitably, one partner gets bored of them. As much as i try and connect in various different ways, i thought couples apps would help - they did not and became less and less used by my wife and therefore I used them less and less. They may work for you though so play around with free trials before you buy anything. Good luck",LongDistance,https://www.reddit.com/r/LongDistance/comments/1q4bbji/going_long_distance_this_year_curious_if_couples/,2026-01-06T04:53:52+00:00,0.966,positive,👫 Влияние на отношения | 💰 Цена / Подписка | 💬 Общение / Коммуникация,👫 Влияние на отношения
General / Общее,comment,hotdog147,/u/hotdog147 on Going long distance this year. Curious if couples apps are worth it.,"I'm making a video calling app https://funcalling.com/ with mini games built in (word games, drawing games, board games, and some motion capture games). It's on the web so you can join using your phone or PC. Try it out and I'm open to feedback!",LongDistance,https://www.reddit.com/r/LongDistance/comments/1q4bbji/going_long_distance_this_year_curious_if_couples/,2026-01-12T21:25:49+00:00,0.413,positive,🎯 Активности / Игры / Квизы | 💬 Общение / Коммуникация | 📱 UI/UX / Дизайн,🎯 Активности / Игры / Квизы
General / Общее,comment,chandanth10,/u/chandanth10 on Going long distance this year. Curious if couples apps are worth it.,"Honestly I’ve found some of these to be really cringey, but am coming from a new LDR (though we have known one another for 17 years, went to prom together, always had a thing but at the wrong time).. it could just be the names of some of these apps, but I swear I chewed off a full thumbs worth of skin reading the titles 😂",LongDistance,https://www.reddit.com/r/LongDistance/comments/1q4bbji/going_long_distance_this_year_curious_if_couples/,2026-01-16T07:23:44+00:00,0.412,positive,💰 Цена / Подписка | 👫 Влияние на отношения,💰 Цена / Подписка
General / Общее,comment,Girl-Dev,/u/Girl-Dev on Going long distance this year. Curious if couples apps are worth it.,"If you’re still looking for an app to try, I just launched Grow Together. Most features are free. It has quizzes, games, stories, a chat, a journal with a gallery and some more features. Would love to hear an opinion ❤️ iOS: https://apps.apple.com/ro/app/grow-together-couples-app/id6754561070 Android: https://play.google.com/store/apps/details?id=com.parova.growtogether",LongDistance,https://www.reddit.com/r/LongDistance/comments/1q4bbji/going_long_distance_this_year_curious_if_couples/,2026-01-27T21:29:12+00:00,0.86,positive,🎯 Активности / Игры / Квизы | 👫 Влияние на отношения | 💬 Общение / Коммуникация,🎯 Активности / Игры / Квизы
General / Общее,comment,Majestic_Tale_1771,/u/Majestic_Tale_1771 on Going long distance this year. Curious if couples apps are worth it.,"in terms of keeping the spice, me and my long distance partner love this erotica app that allows you to write custom sex stories featuring you and your partner. we love writing kinky stories for each other (more like i influenced him lol)",LongDistance,https://www.reddit.com/r/LongDistance/comments/1q4bbji/going_long_distance_this_year_curious_if_couples/,2026-02-01T16:40:04+00:00,0.932,positive,❤️ Близость / Интимность | ⭐ Общее впечатление | 👫 Влияние на отношения,❤️ Близость / Интимность
General / Общее,comment,Effective-Coconut231,/u/Effective-Coconut231 on Going long distance this year. Curious if couples apps are worth it.,"i think they definitely are, i tried a lot and my favorite long distance couple app is the candle app! it is also very good for in person/married couples too. everyday it gives you one random challenge, it could be a funny q, debate topic, date idea, drawing or photo challenge, and we're already on a 74 day streak :) Candle: https://www.trycandle.app/",LongDistance,https://www.reddit.com/r/LongDistance/comments/1q4bbji/going_long_distance_this_year_curious_if_couples/,2026-02-10T04:21:06+00:00,0.94,positive,🎯 Активности / Игры / Квизы | ⭐ Общее впечатление | 👫 Влияние на отношения,🎯 Активности / Игры / Квизы
General / Общее,comment,hleefromplus82,/u/hleefromplus82 on Going long distance this year. Curious if couples apps are worth it.,"I'm working on a photo journal app for couples, and I think this would be helpful to you. It's like 'Instagram for Couples', so it really focuses on photo sharing with zero distractions. If you are interested in, or at least want to check out UI, visit here !",LongDistance,https://www.reddit.com/r/LongDistance/comments/1q4bbji/going_long_distance_this_year_curious_if_couples/,2026-02-11T11:58:58+00:00,0.855,positive,⭐ Общее впечатление | 👫 Влияние на отношения | 📱 UI/UX / Дизайн,⭐ Общее впечатление
General / Общее,comment,hleefromplus82,/u/hleefromplus82 on Going long distance this year. Curious if couples apps are worth it.,"I'm designing the app carefully, cuz I don't want the app to be felt like homework or just a hype, or a game. Hope the app could help your LDR!",LongDistance,https://www.reddit.com/r/LongDistance/comments/1q4bbji/going_long_distance_this_year_curious_if_couples/,2026-02-11T12:00:50+00:00,0.826,positive,🎯 Активности / Игры / Квизы | 📱 UI/UX / Дизайн,🎯 Активности / Игры / Квизы
General / Общее,post,Top_Relationship187,Relaunching a couples app (87K downloads) 20% equity for $5.3K to cover server and scale costs,"Relaunching a couples app (87K downloads) 20% equity for $5.3K to cover server and scale costs I built a couples app early this year as a personal project. It connects two partners with features like synced video watching, games, trivia, truth or dare, photo memories, and a cooking contest e.t.c. It’s made for long-distance couples By August it reached 87.9K downloads. The synced video feature was the most used, but the server costs got high. I wasn’t ready for that kind of growth, so I had to take it down Now I’ve rebuilt it with subscriptions, light ads, and better scaling. I’m about 80% done adding new features and optimizations, and everything should be ready within the next 20 days before relaunch I only need $5,300 for 20% equity to cover server costs and the relaunch budget. I still have access to 89K previous users database and plan to relaunch on December 20th before Valentine’s season It grew fast because when one person downloads, they invite another. I believe it can take off again. If anyone has another proposal, I’m open to listen. submitted by /u/Top_Relationship187 to r/Investors [link] [comments]",Investors,https://www.reddit.com/r/Investors/comments/1otxb9r/relaunching_a_couples_app_87k_downloads_20_equity/,2025-11-11T02:11:24+00:00,0.959,positive,👫 Влияние на отношения | 🎯 Активности / Игры / Квизы | 💬 Общение / Коммуникация,👫 Влияние на отношения
General / Общее,comment,WifiBlunder,/u/WifiBlunder on Relaunching a couples app (87K downloads) 20% equity for $5.3K to cover server and scale costs,Why don't you monetize the apps? Offer a one-time special for $0.99 - lifetime use.,Investors,https://www.reddit.com/r/Investors/comments/1otxb9r/relaunching_a_couples_app_87k_downloads_20_equity/,2025-11-11T03:26:49+00:00,0.402,positive,📝 Без категории,📝 Без категории
General / Общее,comment,PanderzzzzMK,/u/PanderzzzzMK on Relaunching a couples app (87K downloads) 20% equity for $5.3K to cover server and scale costs,They already mentioned that they added subscriptions which is way better than a one time payment just install the app,Investors,https://www.reddit.com/r/Investors/comments/1otxb9r/relaunching_a_couples_app_87k_downloads_20_equity/,2025-11-11T03:34:48+00:00,0.44,positive,💰 Цена / Подписка | ⭐ Общее впечатление | 👫 Влияние на отношения,💰 Цена / Подписка
General / Общее,comment,MurkCFCP,/u/MurkCFCP on Relaunching a couples app (87K downloads) 20% equity for $5.3K to cover server and scale costs,"Offering 20% equity for $5.3K on an app with 87K downloads sounds fair to cover server costs and scaling. Strong viral growth and user base give it great potential, ready for relaunch timing.",Investors,https://www.reddit.com/r/Investors/comments/1otxb9r/relaunching_a_couples_app_87k_downloads_20_equity/,2025-11-11T09:11:16+00:00,0.93,positive,👫 Влияние на отношения | 💰 Цена / Подписка | ⭐ Общее впечатление,👫 Влияние на отношения
General / Общее,comment,inexdesain,/u/inexdesain on Relaunching a couples app (87K downloads) 20% equity for $5.3K to cover server and scale costs,"Oh dude, if it’s income you’re after, we should partner up! I also run a couples app, though slightly different. I’ll DM you.",Investors,https://www.reddit.com/r/Investors/comments/1otxb9r/relaunching_a_couples_app_87k_downloads_20_equity/,2025-11-11T10:04:49+00:00,0.0,neutral,👫 Влияние на отношения,👫 Влияние на отношения
General / Общее,comment,gregb_parkingaccess,/u/gregb_parkingaccess on Relaunching a couples app (87K downloads) 20% equity for $5.3K to cover server and scale costs,what's the payback period? what's the app called? are you on this list https://cupla.app/blog/11-must-have-apps-for-long-distance-couples/,Investors,https://www.reddit.com/r/Investors/comments/1otxb9r/relaunching_a_couples_app_87k_downloads_20_equity/,2025-11-11T13:35:16+00:00,0.0,neutral,💬 Общение / Коммуникация | 👫 Влияние на отношения,💬 Общение / Коммуникация
General / Общее,comment,Strong_Objective_663,/u/Strong_Objective_663 on Relaunching a couples app (87K downloads) 20% equity for $5.3K to cover server and scale costs,Good app let me know once it’s ready again would like to try,Investors,https://www.reddit.com/r/Investors/comments/1otxb9r/relaunching_a_couples_app_87k_downloads_20_equity/,2025-11-11T14:47:57+00:00,0.784,positive,📝 Без категории,📝 Без категории
General / Общее,comment,Technical-Cap8528,/u/Technical-Cap8528 on Relaunching a couples app (87K downloads) 20% equity for $5.3K to cover server and scale costs,What’s the name of the app,Investors,https://www.reddit.com/r/Investors/comments/1otxb9r/relaunching_a_couples_app_87k_downloads_20_equity/,2025-11-11T15:05:29+00:00,0.0,neutral,📝 Без категории,📝 Без категории
General / Общее,comment,kyoayo90,/u/kyoayo90 on Relaunching a couples app (87K downloads) 20% equity for $5.3K to cover server and scale costs,Whats the app called?,Investors,https://www.reddit.com/r/Investors/comments/1otxb9r/relaunching_a_couples_app_87k_downloads_20_equity/,2025-11-13T13:25:14+00:00,0.0,neutral,💬 Общение / Коммуникация,💬 Общение / Коммуникация
General / Общее,comment,avalanche-43,/u/avalanche-43 on Relaunching a couples app (87K downloads) 20% equity for $5.3K to cover server and scale costs,"$5,300 for 20% equity seems like a steal! were you able to monetise with 89K downloads?",Investors,https://www.reddit.com/r/Investors/comments/1otxb9r/relaunching_a_couples_app_87k_downloads_20_equity/,2025-11-18T13:03:59+00:00,-0.248,negative,⭐ Общее впечатление | 📱 UI/UX / Дизайн,⭐ Общее впечатление
General / Общее,post,Lazy_killer9999,Do relationship apps actually help couples communicate better - or make things worse?,"Do relationship apps actually help couples communicate better - or make things worse? I keep seeing more relationship apps lately claiming they can “improve communication,” strengthen emotional bonds, give structured check-ins, and so on. On paper it all sounds gre⁤at - but I’m wondering how this actually wor⁤ks for real couples. For anyone who’s tried them: Did the app actually help you talk about things you’d normally skip or avoid? Or did it feel forced, artificial, or even bring up tension you weren’t expecting? Did it add pressure (“we have to do today’s prompt”) or did it genuinely make things easier? And do these apps wo⁤rk better for long-term couples, newer relationships, or LDRs? I’d love to hear real experiences - good, bad, or mixed - because the marketing always makes it sound like a miracle fix. submitted by /u/Lazy_killer9999 to r/apps [link] [comments]",apps,https://www.reddit.com/r/apps/comments/1q2lwcz/do_relationship_apps_actually_help_couples/,2026-01-03T05:12:30+00:00,0.956,positive,👫 Влияние на отношения | 💬 Общение / Коммуникация | 🐛 Баги / Технические проблемы,👫 Влияние на отношения
General / Общее,comment,TieGlass8983,/u/TieGlass8983 on Do relationship apps actually help couples communicate better - or make things worse?,"I tried a few relationship apps out of curiosity and most were more hype than helpful. Rela⁤tionShift didn’t fix anything, but some prompts made it easier to bring up stuff we usually avoid. A few prompts were awkward, so we skipped them. Not therapy, but as a low-effort way to shake up repetitive convos (especially LDR), it did the job.",apps,https://www.reddit.com/r/apps/comments/1q2lwcz/do_relationship_apps_actually_help_couples/,2026-01-03T16:53:19+00:00,-0.365,negative,👫 Влияние на отношения | 🐛 Баги / Технические проблемы | ⭐ Общее впечатление,👫 Влияние на отношения
General / Общее,comment,Visual-Evening5807,/u/Visual-Evening5807 on Do relationship apps actually help couples communicate better - or make things worse?,"My wife and I (both mid-30s, LDR) tried a few apps over the years some felt like homework, others were just gimmicky. But LovBirdz actually stuck for us. It’s not therapy or a chore; just a low-stakes game with daily questions and occasional events. The difference? It doesn’t force deep dives unless you want to. Some prompts are silly, some spark real conversations we wouldn’t have had otherwise (e.g., ‘What’s a small thing I do that you secretly love?’). No pressure to ‘complete’ anything, so it never feels like an obligation. For context: We’re long-term (8+ years), and it works because it’s optional fun, not a relationship to-do list. LDRs might benefit most, since it gives you a reason to connect beyond ‘How was your day?’. That said, mileage varies. If you’re already struggling with communication, no app replaces actual work. But if you just want a light way to stay engaged? Surprisingly effective. (And fwiw, we’ve never hit a prompt that caused tension—just a few eye-rolls at the cheesy ones.)",apps,https://www.reddit.com/r/apps/comments/1q2lwcz/do_relationship_apps_actually_help_couples/,2026-01-04T03:56:44+00:00,0.95,positive,💬 Общение / Коммуникация | 🎯 Активности / Игры / Квизы | 👫 Влияние на отношения,💬 Общение / Коммуникация
General / Общее,comment,Ok_Bowl3897,/u/Ok_Bowl3897 on Do relationship apps actually help couples communicate better - or make things worse?,"I get what you mean about it sounding a little too good to be true. My partner and I tried a platform that actually uses science-backed modules tailored to our personalities, and it really helped us open up about stuff we usually avoided without feeling forced or pressured. It kind of met us where we were, whether we were dealing with long-term issues or just smoothing out communication bumps.",apps,https://www.reddit.com/r/apps/comments/1q2lwcz/do_relationship_apps_actually_help_couples/,2026-01-10T11:44:33+00:00,0.499,positive,💬 Общение / Коммуникация | 👫 Влияние на отношения | 🐛 Баги / Технические проблемы,💬 Общение / Коммуникация
General / Общее,comment,Hot_Restaurant_8617,/u/Hot_Restaurant_8617 on Do relationship apps actually help couples communicate better - or make things worse?,"The couples communication apps like BondBeyond would allow you to better understand your partner because it allows you to define specific areas of your relationship, areas like honesty, trust, and intimacy or more. For each area, you can define importance and fulfilment. Also you can suggest what you would want to improve. This allows you and your partner to be on the same page and know what is working and what needs your nurturing. So answer your question. Yes, it definitely helps with communication.",apps,https://www.reddit.com/r/apps/comments/1q2lwcz/do_relationship_apps_actually_help_couples/,2026-02-16T14:23:41+00:00,0.983,positive,👫 Влияние на отношения | ❤️ Близость / Интимность | 💬 Общение / Коммуникация,👫 Влияние на отношения
